Passenger ID,Passenger Name,Gender,Age,Contact Number,Added By
1,Vaibhav Tailor,M,22,1234567890,1
2,Poojan Kaneriya,M,23,9874561343,1
3,Narayan Joshi,M,23,4657891234,1
4,Vasu Goriya,M,23,4567891254,1
5,Adarsh Soni,M,23,7894561744,1
c5df8378,abc,M,45,1234567891,1
60362ee0,sdhf,f,8,7894254123,1
04c0a82a,Hello,m,45,1234567891,1
f80f17d4,XYZ,m,45,1234567489,1
1a4fca28,jgd,m,4,1234567891,1
416ae1a6,jh,m,12,1234654897,1
39b289b4,xy,m,45,1236987452,7c780ebe
e7d84b50,xyz,m,56,4455997766,7c780ebe
52434574,Yash Patel,m,23,1234567891,1
4c542c1e,Shiv,M,23,1234567891,7c780ebe
21ccb866,v2,m,12,1234567891,119447fc
49dd1582,xyz,m,12,1234567891,3fb3b4da
fce64760,Jay,m,45,1234567891,1
6a067298,Yash Patel,M,22,7043858060,5b24a2fe
